Name,Team,Date,Title,Height,Weight,Arm,Hand,40 Yard,Shuttle,Cone,Vertical,Broad,Bench
Jared Abbrederis,FA,2014,Combine,73,195,31.38,9.63,4.50,4.08,6.80,30.5,117.0,4.0
Jonathan Adams,FA,2021,Combine,74,210,32.13,9.88,4.54,4.38,7.04,39.0,132.0,
Joe Adams,FA,2012,Combine,71,179,31.88,9.38,4.57,,7.09,36.0,123.0,
Rodney Adams,NYJ,2017,Combine,73,189,32.00,9.00,4.44,4.28,6.98,29.5,125.0,8.0
Davante Adams,LV,2014,Combine,73,215,32.63,9.00,4.56,4.30,6.82,39.5,123.0,14.0
Bralon Addison,FA,2016,Combine,70,190,29.50,9.13,4.66,4.14,6.95,34.5,116.0,13.0
Quincy Adeboyejo,FA,2017,Pro Day,75,200,31.75,9.38,,,,37.0,,
Nelson Agholor,NE,2015,Combine,72,198,32.25,9.25,4.42,,,,,12.0
Brandon Aiyuk,SF,2020,Combine,72,200,33.50,9.75,4.50,,,40.0,128.0,11.0
Seyi Ajirotutu,FA,2010,Combine,75,215,32.63,9.38,4.60,4.39,7.22,36.0,115.0,14.0
Danario Alexander,FA,2010,Combine,77,217,,,4.62,,,,,
Mario Alford,FA,2015,Combine,68,177,31.25,9.38,4.43,4.07,6.64,34.0,121.0,13.0
Davonte Allen,FA,2016,Pro Day,73,208,,,4.57,4.44,6.81,39.0,128.0,15.0
Keenan Allen,LAC,2013,Combine,74,211,32.75,10.00,,,,,,
Geronimo Allison,FA,2016,Combine,75,202,32.88,9.50,4.67,4.28,7.40,33.0,127.0,
Danny Amendola,FA,2008,Combine,71,185,,,4.58,4.25,6.81,27.5,103.0,13.0
Dres Anderson,FA,2015,Pro Day,74,190,,,4.54,4.22,6.83,,121.0,
Robbie Anderson,ARI,2016,Pro Day,75,190,,,4.34,4.28,7.07,36.5,128.0,8.0
Daniel Anthrop,FA,2016,Pro Day,72,193,,,4.49,4.15,6.82,30.5,119.0,
J.J. Arcega-Whiteside,FA,2019,Combine,74,237,33.25,9.50,,,,,,
Marcell Ateman,FA,2018,Combine,76,216,32.88,9.88,4.62,4.25,7.07,34.0,121.0,13.0
Tutu Atwell,LAR,2021,Pro Day,69,165,29.25,8.88,4.35,4.09,6.87,33.0,116.0,
Jhamon Ausbon,FA,2021,Pro Day,74,217,32.38,9.88,4.70,4.28,6.89,33.0,118.0,
Kevin Austin,FA,2022,Combine,74,215,32.88,9.00,4.43,4.15,6.71,39.0,,
Miles Austin,FA,2006,Combine,74,215,,,4.47,4.14,7.09,40.5,123.0,
Calvin Austin,PIT,2022,Combine,69,162,30.00,9.25,4.32,4.07,,39.0,135.0,
Tavon Austin,FA,2013,Combine,68,176,30.00,9.13,4.34,4.01,,32.0,120.0,14.0
Jason Avant,FA,2006,Combine,72,210,,,4.62,,,37.0,128.0,20.0
Donnie Avery,FA,2008,Pro Day,71,200,30.25,9.75,4.34,3.91,6.30,37.5,126.0,
Demarcus Ayers,FA,2016,Combine,71,190,31.25,9.25,4.72,4.35,7.00,33.0,123.0,
Stedman Bailey,FA,2013,Combine,70,193,32.75,9.88,4.52,4.09,6.81,34.5,117.0,11.0
Kawaan Baker,FA,2021,Combine,73,215,32.50,10.50,4.43,4.41,7.42,39.5,129.0,21.0
Jon Baldwin,FA,2011,Combine,76,230,33.50,10.13,4.49,4.34,7.07,42.0,129.0,20.0
Doug Baldwin,FA,2011,Pro Day,70,192,,,4.48,4.26,6.56,37.0,123.0,6.0
Ramses Barden,FA,2009,Combine,78,224,34.50,10.75,4.55,4.26,,33.5,118.0,17.0
Rashod Bateman,BAL,2021,Pro Day,73,193,33.00,9.50,4.41,4.35,6.95,36.0,123.0,
Phil Bates,FA,2012,Pro Day,73,220,,,4.48,4.39,6.87,40.5,128.0,19.0
Omar Bayless,FA,2020,Combine,73,212,31.88,9.00,4.62,4.50,7.34,36.0,123.0,11.0
Cole Beasley,FA,2012,Pro Day,68,174,,,4.49,4.40,7.16,38.0,126.0,17.0
Odell Beckham,FA,2014,Combine,71,198,32.75,10.00,4.43,3.94,6.69,38.5,122.0,7.0
Kenny Bell,FA,2015,Combine,73,188,31.63,9.25,4.42,4.15,6.66,41.5,129.0,7.0
David Bell,CLE,2022,Combine,73,212,31.88,9.25,4.65,4.57,7.14,33.0,118.0,
Matrick Belton,FA,2017,Combine,75,216,,,4.66,,,31.5,122.0,18.0
Tim Benford,FA,,Combine,71,193,33.13,8.88,4.59,,,,,15.0
Travis Benjamin,FA,2012,Combine,70,175,31.75,8.75,4.36,,,38.0,119.0,14.0
Arrelious Benn,FA,2010,Combine,74,228,32.25,9.38,4.57,,,37.0,118.0,20.0
Earl Bennett,FA,2008,Combine,71,209,,,4.48,4.22,,26.0,110.0,15.0
Michael Bennett,FA,2015,Combine,74,200,,,5.04,,,,,
Braxton Berrios,NYJ,2018,Combine,69,190,28.00,9.25,,,,,,11.0
Davone Bess,FA,2008,Combine,70,190,,,4.64,4.27,6.97,31.5,118.0,12.0
Armon Binns,FA,2011,Combine,75,211,32.50,9.50,4.50,4.31,6.86,31.5,118.0,13.0
Tarik Black,FA,2021,Pro Day,75,213,32.50,9.38,4.53,4.26,6.91,40.0,132.0,15.0
Justin Blackmon,FA,2012,Combine,73,210,,,4.46,4.38,7.13,35.0,123.0,
Slade Bolden,FA,2022,Combine,71,189,29.38,9.75,4.66,,,32.0,116.0,
Victor Bolden,FA,2017,Pro Day,68,178,30.75,9.25,4.51,,6.72,32.0,117.0,9.0
Anquan Boldin,FA,,Combine,73,220,,,4.72,4.33,7.35,33.5,114.0,
Alan Bonner,FA,2013,Combine,70,191,30.25,9.38,4.59,4.15,,33.0,117.0,14.0
Kendrick Bourne,NE,2017,Combine,73,190,32.50,9.13,4.68,4.21,6.73,34.0,125.0,9.0
Lynn Bowden,FA,2020,Combine,71,197,30.88,9.75,,,,,0.0,13.0
Dwayne Bowe,FA,2007,Combine,74,222,33.68,9.88,4.51,4.35,6.81,33.0,125.0,
Josh Boyce,FA,2013,Combine,71,205,31.25,9.25,4.38,4.10,6.68,34.0,131.0,22.0
Chris Boyd,FA,2014,Combine,76,210,32.63,9.63,4.73,,,,,12.0
Tyler Boyd,CIN,2016,Combine,74,203,32.00,9.75,4.58,4.35,6.90,34.0,119.0,11.0
Jarrett Boykin,FA,2012,Combine,74,218,32.25,10.25,4.72,4.28,7.12,36.0,123.0,11.0
Miles Boykin,PIT,2019,Combine,76,220,33.50,9.88,4.42,4.07,6.77,43.5,140.0,12.0
Tyre Brady,FA,2019,Combine,75,211,33.63,9.75,,4.25,,32.0,117.0,12.0
Daniel Braverman,FA,2016,Pro Day,70,175,,,4.47,4.20,6.86,28.5,112.0,10.0
LaVon Brazill,FA,2012,Combine,71,205,32.00,9.75,4.48,,,32.0,,11.0
Dezmon Briscoe,FA,2010,Combine,74,210,33.50,9.50,4.66,4.57,7.10,33.0,115.0,9.0
Kenny Britt,FA,2009,Combine,75,223,34.00,9.00,4.47,4.47,,37.0,124.0,23.0
Noah Brown,DAL,2017,Pro Day,74,225,31.75,9.13,4.57,,,,,
Dyami Brown,WAS,2021,Pro Day,72,195,32.75,9.63,4.46,4.35,6.87,35.0,128.0,18.0
Da'Ron Brown,FA,2015,Combine,72,199,32.00,10.25,4.54,4.11,7.04,37.0,120.0,17.0
Chris Brown,FA,2010,Combine,73,191,29.00,9.13,4.55,,,36.0,115.0,17.0
Marquise Brown,ARI,2019,Combine,69,170,30.50,9.00,,,,,,
Marlon Brown,FA,2013,Combine,77,214,32.75,8.38,,,,,,
John Brown,FA,,Combine,71,178,30.50,8.50,4.34,4.12,6.91,36.5,119.0,
A.J. Brown,PHI,2019,Combine,73,226,32.88,9.75,4.49,,,36.5,120.0,
Vincent Brown,FA,2011,Combine,71,190,33.00,10.25,4.68,4.25,6.64,33.5,121.0,12.0
Antonio Brown,FA,2010,Combine,70,185,31.00,9.00,4.56,4.18,6.98,33.5,105.0,13.0
Tony Brown,FA,2020,Combine,73,195,31.50,9.25,4.65,4.27,7.21,33.5,119.0,14.0
Ryan Broyles,FA,2012,Combine,70,195,32.25,9.00,,,,,,21.0
Martavis Bryant,FA,2015,Combine,76,210,32.63,9.50,4.42,4.15,7.18,39.0,124.0,16.0
Dez Bryant,FA,,Combine,74,220,34.00,9.75,,,,,,
Quenton Bundrage,FA,2016,Pro Day,73,190,,,4.54,4.64,7.07,37.5,123.0,17.0
Aaron Burbridge,FA,2016,Combine,73,208,31.67,8.25,4.56,4.31,7.22,30.5,115.0,20.0
Treylon Burks,TEN,2022,Combine,74,225,33.50,9.88,4.55,,7.28,33.0,122.0,
Nate Burleson,FA,,Combine,72,198,,,4.51,4.16,6.96,42.5,126.0,
Deontay Burnett,FA,2018,Combine,72,186,31.50,8.68,,,,,,
Isaiah Burse,FA,2014,Combine,70,187,30.25,8.38,4.58,3.94,6.74,31.0,115.0,16.0
Stephen Burton,FA,2011,Combine,73,220,32.00,9.13,4.50,4.31,7.04,34.5,117.0,19.0
Rico Bussey,FA,2021,Pro Day,74,190,33.00,10.13,4.49,4.26,7.21,38.5,124.0,13.0
Jeremy Butler,FA,2017,Pro Day,74,213,,,4.60,,7.19,36.0,114.0,15.0
Emmanuel Butler,FA,2019,Combine,76,220,33.00,10.13,,4.22,,36.0,115.0,11.0
James Butler,FA,2005,Combine,74,215,,,4.51,3.98,7.10,40.5,127.0,16.0
Deon Cain,FA,2018,Combine,74,202,33.00,8.75,4.43,4.37,6.71,33.5,115.0,11.0
Andre Caldwell,FA,2008,Combine,72,200,,,4.35,4.11,,33.0,124.0,
Antonio Callaway,FA,2018,Combine,71,200,31.50,9.50,4.41,,,34.0,121.0,
Marquez Callaway,NO,2020,Combine,74,204,32.38,9.38,4.55,,,38.0,,
Jalen Camp,FA,2021,Pro Day,74,220,33.50,9.75,4.45,4.14,7.00,39.5,125.0,29.0
Michael Campanaro,FA,2014,Combine,69,191,30.00,9.75,4.46,4.01,6.77,39.0,122.0,20.0
Parris Campbell,IND,2019,Combine,72,208,32.25,9.50,4.31,4.03,,40.0,135.0,11.0
K.D. Cannon,FA,2017,Pro Day,72,182,30.75,8.88,,,7.10,,,
Darren Carrington,FA,2018,Combine,74,200,32.75,10.38,,,,36.0,120.0,
Leonte Carroo,FA,2016,Combine,72,215,31.38,9.68,4.50,,,35.5,120.0,14.0
Chris Carter,FA,,Combine,72,195,,,4.58,4.34,6.88,36.0,114.0,27.0
Quintez Cephus,DET,2020,Combine,73,208,32.13,8.75,4.73,4.33,7.20,38.5,124.0,23.0
DJ Chark,DET,2018,Combine,76,198,32.38,9.25,4.34,,,40.0,129.0,16.0
Ja'Marr Chase,CIN,2021,Pro Day,73,201,30.75,9.63,4.34,3.99,6.96,41.0,132.0,
Jehu Chesson,FA,2017,Combine,74,204,33.25,9.13,4.47,4.09,6.70,35.5,132.0,10.0
Greg Childs,FA,2012,Combine,75,217,34.13,10.13,4.55,,,36.0,125.0,19.0
Arceto Clark,FA,2013,Pro Day,70,180,,,4.58,4.27,6.66,33.0,110.0,16.0
Kaelin Clay,FA,2015,Combine,70,195,30.88,9.00,4.51,4.26,6.97,33.0,113.0,10.0
Chase Claypool,CHI,2020,Combine,76,238,32.50,9.88,4.42,,,40.5,126.0,19.0
Tyrie Cleveland,FA,2020,Combine,74,205,32.88,9.13,4.47,,,39.5,126.0,13.0
Danny Coale,FA,2012,Combine,72,187,30.63,9.13,4.50,4.15,6.69,35.0,115.0,12.0
Sammie Coates,FA,2015,Combine,73,210,33.38,9.38,4.43,4.06,6.98,41.0,131.0,23.0
Randall Cobb,GB,2011,Combine,70,195,31.00,9.38,4.46,4.34,7.08,33.5,115.0,16.0
Simmie Cobbs,FA,2018,Combine,75,220,32.00,9.25,4.64,4.32,6.70,30.0,113.0,11.0
Corey Coleman,FA,2016,Combine,71,193,30.25,9.00,,,,40.5,129.0,17.0
Brandon Coleman,FA,2014,Combine,78,225,34.00,9.25,4.56,4.51,7.33,32.5,,21.0
Stacy Coley,FA,2017,Combine,72,195,32.25,9.75,4.45,,,34.0,122.0,10.0
Austin Collie,FA,2009,Combine,72,200,31.00,9.00,4.56,4.24,6.78,34.0,120.0,17.0
Nico Collins,HOU,2021,Pro Day,76,215,34.13,9.38,4.45,4.32,6.79,37.5,125.0,14.0
Marques Colston,FA,2006,Combine,76,225,33.38,9.63,4.50,4.44,6.96,37.0,123.0,
Kain Colter,FA,2014,Pro Day,72,195,,,4.71,4.20,6.68,,,11.0
Chris Conley,FA,2015,Combine,75,205,33.75,9.88,4.35,4.30,7.06,45.0,139.0,18.0
Brandin Cooks,HOU,2014,Combine,70,183,30.75,9.63,4.33,3.81,6.76,36.0,120.0,16.0
Josh Cooper,FA,2012,Pro Day,70,190,,,4.65,4.35,7.12,31.5,115.0,
Pharoh Cooper,FA,2016,Combine,71,210,32.25,9.13,4.52,,,31.0,115.0,15.0
Riley Cooper,FA,2010,Combine,76,230,32.68,10.38,4.56,,,33.0,114.0,
Amari Cooper,CLE,2015,Combine,73,210,31.50,10.00,4.42,3.98,6.71,33.0,120.0,
Damian Copeland,FA,2014,Combine,73,182,31.38,9.00,4.50,3.90,6.53,40.0,120.0,12.0
Cody Core,FA,2016,Combine,75,205,32.00,10.38,4.47,,,31.5,119.0,14.0
Jerricho Cotchery,FA,,Combine,73,205,,,4.54,3.92,6.95,36.0,121.0,
Isaiah Coulter,FA,2020,Combine,74,198,31.75,9.00,4.45,4.62,7.28,36.0,121.0,
Keke Coutee,IND,2018,Combine,71,180,29.88,8.38,4.43,4.15,6.93,34.5,113.0,14.0
Damonte Coxie,FA,2021,Pro Day,74,198,33.25,8.75,4.76,4.45,6.92,30.5,122.0,4.0
Michael Crabtree,FA,2009,Combine,73,215,,,4.54,,,,,
Juron Criner,FA,2012,Combine,75,220,32.00,10.50,4.68,4.30,7.15,38.0,117.0,17.0
Jamison Crowder,BUF,2015,Combine,69,177,30.38,8.75,4.56,4.32,7.17,37.0,115.0,10.0
Victor Cruz,FA,2010,Pro Day,72,204,,,4.47,4.17,6.96,41.5,125.0,16.0
B.J. Cunningham,FA,2012,Combine,74,215,33.00,8.13,4.59,,7.10,31.0,116.0,12.0
Jamal Custis,FA,2019,Combine,76,213,33.88,10.88,4.50,,,34.5,124.0,0.0
DaVaris Daniels,FA,2015,Combine,73,201,31.25,9.00,4.62,,,37.0,122.0,13.0
Amara Darboh,FA,2017,Combine,74,215,32.63,9.88,4.45,,,36.0,124.0,17.0
Frank Darby,FA,2021,Pro Day,73,200,31.75,9.38,4.59,4.23,7.15,34.5,117.0,19.0
Jaelon Darden,TB,2021,Pro Day,68,174,30.63,8.75,4.44,4.10,6.67,35.5,122.0,11.0
Ryan Davis,FA,2019,Combine,69,185,30.88,9.25,,4.23,7.09,35.0,124.0,12.0
Trevor Davis,FA,2016,Combine,73,188,31.00,10.00,4.42,4.22,6.60,38.5,124.0,11.0
Gabe Davis,BUF,2020,Combine,74,210,32.25,9.25,4.54,4.59,7.08,35.0,124.0,14.0
Quartney Davis,FA,2020,Combine,73,200,31.38,9.50,4.54,,,35.5,0.0,
Marcus Davis,FA,2017,Pro Day,69,179,,,4.49,,,31.5,108.0,
Reggie Davis,FA,2017,Pro Day,72,170,,,4.31,,,,,
Corey Davis,NYJ,2017,Combine,75,209,33.00,9.13,,,,,,
Titus Davis,FA,2015,Combine,73,200,29.63,8.25,4.51,4.28,7.14,32.5,119.0,
Robert Davis,FA,2017,Combine,75,212,33.00,9.63,4.44,4.28,6.82,41.0,136.0,19.0
Mike Davis,FA,2015,Combine,72,189,30.25,9.38,4.61,4.18,7.00,34.0,116.0,17.0
Quinshad Davis,FA,2016,Pro Day,75,218,,,4.69,4.35,7.07,31.5,113.0,17.0
Devante Davis,FA,2015,Combine,75,220,32.38,9.50,4.57,4.12,7.25,35.5,115.0,16.0
Felton Davis,FA,2019,Combine,75,211,32.75,10.25,,,,,0.0,21.0
Geremy Davis,FA,2015,Combine,75,211,32.50,9.50,,4.18,6.86,36.5,124.0,23.0
Andre Debose,FA,,Pro Day,72,190,,,4.40,4.09,6.93,37.5,123.0,12.0
Eric Decker,FA,2010,Combine,75,214,31.00,9.13,,,,,,15.0
Mark Dell,FA,2011,Pro Day,74,195,,,4.54,4.15,6.89,33.0,117.0,
Gehrig Dieter,FA,2017,Combine,75,207,,,4.58,,,32.5,108.0,15.0
Stefon Diggs,BUF,2015,Combine,72,191,31.25,10.00,4.46,4.32,7.03,35.0,115.0,
Johnnie Dixon,FA,2019,Combine,71,198,30.25,9.63,4.41,4.43,,37.5,120.0,16.0
Aaron Dobson,FA,2013,Combine,75,205,33.00,9.00,,,,,,
Rahmel Dockery,FA,2017,Pro Day,70,180,30.00,8.75,4.70,,7.01,29.0,108.0,10.0
Josh Doctson,FA,2016,Combine,74,205,31.88,9.88,4.50,4.08,6.84,41.0,131.0,14.0
Phillip Dorsett,HOU,2015,Combine,70,192,30.25,9.38,4.33,4.11,6.70,37.0,122.0,13.0
Greg Dortch,ARI,2019,Combine,67,175,29.25,9.25,,,,,,
Tandon Doss,FA,2011,Combine,74,205,31.25,10.13,,,,,,14.0
Keelan Doss,LAC,2019,Combine,75,204,31.75,9.50,,,,,,8.0
Jahan Dotson,WAS,2022,Combine,71,182,30.75,9.50,4.43,,7.28,36.0,121.0,
Harry Douglas,FA,2008,Pro Day,72,183,,,4.51,4.12,6.86,35.5,,11.0
Dontario Drummond,FA,2022,Combine,73,220,31.50,9.25,4.65,,,34.0,122.0,
David Dudeck,FA,2017,Pro Day,69,195,,,4.68,,6.88,37.5,96.0,15.0
Ashton Dulin,IND,2019,Combine,73,215,33.38,9.00,4.43,4.22,7.00,38.0,121.0,13.0
Malachi Dupre,FA,2017,Pro Day,74,196,31.50,9.00,4.46,,,,,
Travin Dural,FA,2017,Pro Day,74,207,32.00,8.75,4.57,,,,,
Jovon Durante,FA,2019,Combine,72,165,31.13,8.75,4.55,4.31,7.00,31.5,120.0,
Devin Duvernay,BAL,2020,Combine,71,200,30.63,9.50,4.39,4.20,7.13,35.5,123.0,
Brennan Eagles,FA,2021,Pro Day,76,225,33.50,10.00,4.53,4.42,6.93,36.5,125.0,
Marcus Easley,FA,2010,Combine,74,217,32.75,8.50,4.39,4.60,6.94,34.0,123.0,16.0
Julian Edelman,FA,2009,Pro Day,70,198,,,4.52,3.92,6.62,36.5,123.0,14.0
Mike Edwards,FA,,Combine,71,200,,,4.56,4.18,6.94,36.0,124.0,14.0
Patrick Edwards,FA,2012,Combine,69,175,29.63,8.38,,,,,,
Armanti Edwards,FA,2010,Combine,73,198,,,4.41,,,,,
Bryan Edwards,ATL,2020,Combine,75,215,32.25,9.50,,,,,,
Bruce Ellington,FA,2014,Combine,69,200,31.00,9.63,4.45,3.95,6.69,39.5,120.0,15.0
Kevin Elliott,FA,2012,Pro Day,75,205,,,4.53,4.20,6.72,34.0,122.0,
Quincy Enunwa,FA,2014,Combine,74,225,32.63,9.50,4.45,,,,,19.0
Alex Erickson,FA,2016,Pro Day,72,195,,,4.54,4.10,6.68,34.5,116.0,14.0
Dee Eskridge,SEA,2021,Pro Day,69,190,30.50,8.63,4.38,4.22,6.95,35.0,124.0,0.0
Amba Etta-Tawo,FA,2017,Combine,73,208,32.00,9.13,4.49,4.32,6.95,31.0,126.0,14.0
Shaquelle Evans,FA,2014,Combine,73,210,32.00,9.38,4.51,4.21,7.07,34.5,122.0,13.0
Mike Evans,TB,2014,Combine,77,231,35.13,9.63,4.53,4.26,7.08,37.0,,12.0
Erik Ezukanma,MIA,2022,Combine,74,206,33.50,9.38,,4.38,,36.5,126.0,
Simi Fehoko,DAL,2021,Pro Day,75,222,31.38,10.25,4.43,4.26,6.78,34.25,120.0,16.0
Jazz Ferguson,FA,2019,Combine,77,227,34.25,9.25,4.45,4.59,7.25,37.0,123.0,8.0
Chris Finke,FA,2020,Combine,69,186,29.00,9.00,4.57,,,40.0,0.0,7.0
Larry Fitzgerald,FA,2004,Pro Day,75,218,,10.50,4.48,4.28,6.94,38.0,,
Dez Fitzpatrick,FA,2021,Pro Day,74,208,32.75,9.63,4.47,4.25,7.06,35.0,,
Michael Floyd,FA,2012,Combine,75,220,32.88,9.38,4.47,,,36.5,122.0,16.0
Dontez Ford,FA,2017,Pro Day,74,210,,,4.58,,6.98,36.0,120.0,15.0
Isaiah Ford,FA,2017,Combine,74,195,32.63,9.25,4.61,4.34,6.94,35.5,127.0,14.0
Jacoby Ford,FA,2010,Combine,69,190,30.50,9.25,4.28,4.44,7.00,33.5,115.0,15.0
Robert Foster,FA,2018,Combine,74,196,32.13,9.25,4.41,4.20,6.90,31.0,116.0,
Bennie Fowler,FA,2014,Combine,73,218,32.00,9.50,4.52,4.18,7.06,36.0,126.0,
Austin Franklin,FA,2014,Combine,72,184,31.25,10.00,4.56,4.33,7.07,36.0,124.0,7.0
Ty Fryfogle,FA,2022,Combine,73,205,30.75,9.75,4.53,,,39.0,127.0,
Travis Fulgham,FA,2019,Combine,74,215,33.75,9.50,4.58,,,36.5,126.0,15.0
Corey Fuller,FA,2013,Combine,74,200,33.25,9.50,4.43,,,31.5,120.0,12.0
Will Fuller,FA,2016,Combine,72,184,30.75,8.25,4.32,4.27,6.93,33.5,126.0,10.0
Devin Fuller,FA,2016,Pro Day,72,194,,,4.39,4.07,7.03,36.0,124.0,
Aaron Fuller,FA,2020,Combine,71,188,29.75,8.88,4.59,,7.14,34.0,118.0,
Jeremy Gallon,FA,2014,Combine,68,185,29.50,9.38,4.49,,,,,15.0
Michael Gallup,DAL,2018,Combine,73,198,31.50,9.25,4.51,4.37,6.95,36.0,122.0,10.0
Pierre Garcon,FA,2008,Combine,72,211,31.13,,4.42,4.19,6.90,36.5,125.0,20.0
Keyarris Garrett,FA,2016,Combine,75,215,34.50,9.00,4.53,4.33,7.30,36.5,128.0,14.0
Clyde Gates,FA,2011,Combine,72,197,,,4.49,,,40.0,131.0,16.0
David Gettis,FA,2010,Combine,75,217,34.00,10.00,4.43,4.41,6.94,34.5,124.0,15.0
Brandon Gibson,FA,2009,Pro Day,72,210,,,4.59,4.54,6.94,34.0,113.0,10.0
Shelton Gibson,FA,2017,Pro Day,71,191,32.00,8.73,4.39,,,,101.0,
David Gilreath,FA,2011,Pro Day,69,170,,,4.42,4.21,6.58,33.5,116.0,6.0
Ted Ginn,FA,2007,Combine,71,180,,,4.38,,,,,
Chris Givens,FA,2012,Combine,74,211,31.25,8.25,4.41,4.23,6.97,33.5,118.0,19.0
Tyrone Goard,FA,2013,Combine,79,205,34.00,8.75,4.50,4.39,6.90,36.0,123.0,10.0
Terry Godwin,FA,2019,Combine,71,185,30.00,9.38,4.55,,6.96,36.5,117.0,
Chris Godwin,TB,2017,Combine,73,208,31.63,9.13,4.42,4.00,7.01,36.0,126.0,19.0
Kenny Golladay,NYG,2017,Combine,76,213,32.00,9.75,4.50,4.15,7.00,35.5,120.0,18.0
Antwan Goodley,FA,2015,Pro Day,70,212,,,,4.38,7.19,35.0,127.0,
Marquise Goodwin,SEA,2013,Combine,69,179,31.50,8.63,4.27,,,,132.0,13.0
Josh Gordon,FA,,Combine,75,224,,,,,,,,
T.J. Graham,FA,2012,Combine,71,190,32.75,9.00,4.41,4.18,6.77,33.0,120.0,8.0
Ryan Grant,FA,2005,Combine,72,185,,,4.64,4.14,,35.5,119.0,8.0
Jakeem Grant,CLE,2016,Pro Day,67,172,,,4.37,4.03,7.03,36.5,117.0,15.0
Danny Gray,SF,2022,Combine,74,200,31.88,9.63,4.33,,,34.0,126.0,
Cyril Grayson,FA,2017,Pro Day,69,183,30.50,9.00,4.33,,,35.5,,14.0
Davon Grayson,FA,2018,Combine,74,187,31.38,9.38,4.51,,,34.5,124.0,19.0
A.J. Green,ARI,2011,Combine,76,207,34.38,9.25,4.48,4.21,6.91,34.5,126.0,18.0
Dorial Green-Beckham,FA,2015,Combine,77,237,32.50,9.00,4.49,4.45,6.89,33.5,119.0,13.0
Rashad Greene,FA,2015,Combine,71,186,31.63,9.00,4.53,4.12,6.88,36.5,122.0,
Trevon Grimes,FA,2021,Pro Day,76,220,31.38,9.38,4.49,4.26,7.00,35.0,118.0,15.0
Stephen Guidry,FA,2020,Combine,76,200,32.75,9.13,4.47,4.46,7.31,34.0,125.0,
Tori Gurley,FA,2011,Combine,76,230,35.00,9.75,4.53,4.25,7.05,33.5,118.0,15.0
Derek Hagan,FA,2006,Combine,74,210,,,4.45,4.07,,36.0,124.0,
Emanuel Hall,FA,2019,Combine,75,195,33.25,9.75,4.39,,,43.5,141.0,15.0
Rannell Hall,FA,2015,Combine,72,200,30.50,8.63,4.60,4.15,6.86,41.0,132.0,16.0
Cobi Hamilton,FA,2013,Combine,74,201,32.50,8.75,4.56,4.31,,29.5,107.0,11.0
DaeSean Hamilton,FA,2018,Combine,73,206,31.00,9.38,,4.15,6.84,34.5,118.0,
Jamel Hamler,FA,2011,Combine,74,195,,,4.68,4.18,7.16,32.0,112.0,4.0
KJ Hamler,DEN,2020,Combine,69,178,30.75,9.38,,,,,,15.0
Leonard Hankerson,FA,2011,Combine,74,211,32.50,10.63,4.40,4.21,6.94,36.0,117.0,14.0
Chad Hansen,FA,2017,Pro Day,74,202,32.13,10.13,4.44,,,,,
Mecole Hardman,KC,2019,Combine,70,187,30.25,9.00,4.33,,,36.5,119.0,17.0
Justin Hardy,FA,2015,Combine,70,192,32.13,10.00,4.56,4.21,6.63,36.5,114.0,11.0
Kelvin Harmon,FA,2019,Combine,74,215,32.50,9.50,4.60,4.32,7.15,32.5,117.0,18.0
Chris Harper,FA,2013,Combine,73,228,32.75,9.75,4.55,4.39,6.89,35.5,116.0,20.0
Josh Harper,FA,2015,Combine,73,191,30.88,8.75,4.64,4.36,7.15,32.0,108.0,13.0
Jacob Harris,FA,2021,Pro Day,77,211,33.50,9.50,4.40,4.31,6.51,40.5,133.0,15.0
Dwayne Harris,FA,2011,Combine,70,215,31.13,10.13,4.53,4.21,6.77,34.0,111.0,10.0
Mark Harrison,FA,2013,Combine,75,230,35.00,9.63,4.46,4.33,6.99,38.5,129.0,17.0
N'Keal Harry,CHI,2019,Combine,76,225,33.00,9.50,4.53,,,38.5,122.0,27.0
Brian Hartline,FA,2009,Combine,74,200,32.00,10.00,4.52,4.12,6.65,34.5,120.0,
Percy Harvin,FA,2009,Combine,71,185,31.63,9.38,4.39,,,,,19.0
Keon Hatcher,FA,2017,Combine,73,212,,,,,,,,16.0
Andrew Hawkins,FA,2008,Pro Day,67,180,,,4.34,4.03,6.81,38.0,114.0,9.0
Lavelle Hawkins,FA,2008,Combine,71,194,,,4.57,,,,117.0,14.0
Matt Hazel,FA,2014,Combine,73,195,31.38,9.13,4.50,4.20,7.08,36.5,118.0,15.0
Junior Hemingway,FA,2012,Combine,73,225,32.50,9.63,4.53,3.98,6.59,35.0,124.0,21.0
Carlos Henderson,FA,2017,Combine,71,191,31.38,9.13,4.46,4.35,7.18,36.0,131.0,13.0
Quadree Henderson,FA,2018,Combine,68,190,29.50,9.88,4.50,4.28,6.89,32.5,120.0,12.0
Robert Herron,FA,2014,Combine,69,193,30.50,9.75,4.48,4.27,6.84,35.5,125.0,18.0
Devin Hester,FA,2006,Combine,71,190,,,4.41,,,38.0,124.0,16.0
Darrius Heyward-Bey,FA,2009,Combine,74,210,,,4.25,4.18,6.80,38.5,125.0,16.0
Rashard Higgins,CAR,2016,Pro Day,73,198,,,4.64,4.52,7.19,32.5,120.0,
Tee Higgins,CIN,2020,Combine,76,219,34.13,9.25,,,,,,
John Hightower,FA,2020,Combine,74,190,31.50,9.75,4.43,4.21,7.07,38.5,122.0,
Stephen Hill,FA,2012,Combine,76,215,33.38,9.38,4.34,4.48,6.89,39.5,133.0,14.0
KJ Hill,FA,2020,Combine,72,196,29.13,9.25,4.60,,,32.5,114.0,17.0
T.Y. Hilton,FA,2012,Pro Day,70,183,32.00,8.50,4.34,4.36,7.03,35.5,119.0,7.0
Shay Hodge,FA,2010,Combine,73,207,33.00,9.25,4.62,4.32,6.90,33.5,117.0,11.0
Isaiah Hodgins,NYG,2020,Combine,75,201,33.13,9.88,4.61,4.12,7.01,36.5,124.0,9.0
Cody Hoffman,FA,2014,Combine,76,210,33.25,9.75,4.65,4.20,6.89,27.5,108.0,13.0
Krishawn Hogan,FA,2017,Combine,75,217,32.13,9.88,4.56,4.21,6.74,36.5,124.0,13.0
Trindon Holliday,FA,2010,Combine,65,166,28.38,8.25,4.34,4.48,6.54,42.0,116.0,10.0
Mack Hollins,LV,2017,Combine,76,221,33.25,9.75,4.53,,,,,
Santonio Holmes,FA,2006,Pro Day,71,192,32.00,9.63,4.35,4.26,6.82,38.0,126.0,
Andre Holmes,FA,2011,Combine,76,210,,34.00,4.61,4.31,6.69,35.0,130.0,11.0
Johnny Holton,FA,2016,Combine,75,190,32.88,9.88,4.54,,,31.5,123.0,8.0
DeAndre Hopkins,ARI,2013,Pro Day,73,212,,,4.57,,6.83,,,
Josh Huff,FA,2014,Combine,71,206,31.25,9.38,4.51,,,35.5,116.0,14.0
Lil'Jordan Humphrey,FA,2019,Combine,76,225,32.75,9.50,4.75,4.29,7.09,33.5,119.0,13.0
Justin Hunter,FA,2013,Pro Day,76,203,,,,,7.19,40.5,138.0,
Jalen Hurd,FA,2019,Combine,76,230,32.00,10.25,,,,,0.0,23.0
Allen Hurns,FA,2014,Combine,75,195,32.00,9.25,4.55,4.50,7.23,31.0,120.0,14.0
Josh Imatorbhebhe,FA,2021,Pro Day,73,218,32.50,9.13,4.52,4.38,7.10,46.5,134.0,24.0
Andy Isabella,FA,2019,Combine,69,188,29.75,8.38,4.31,4.15,6.95,36.5,121.0,15.0
Vincent Jackson,FA,2005,Combine,77,230,,,4.46,4.00,,39.0,,
Jerrell Jackson,FA,2012,Combine,73,185,32.88,9.25,4.62,4.11,6.82,41.0,127.0,22.0
Warren Jackson,FA,2021,Pro Day,78,219,33.50,9.38,4.69,4.51,7.71,33.5,123.0,11.0
DeSean Jackson,FA,2008,Pro Day,70,175,,,,4.19,6.82,34.5,,
Trishton Jackson,FA,2020,Combine,73,191,32.38,9.75,4.50,,,36.0,117.0,
Richie James,NYG,2018,Combine,69,185,31.25,9.25,4.48,4.16,6.87,35.5,122.0,6.0
Jeff Janis,FA,2014,Combine,75,219,32.50,9.00,4.42,3.98,6.64,37.5,123.0,20.0
Lestar Jean,FA,2011,Combine,75,202,33.00,9.00,4.61,4.43,7.45,37.5,113.0,14.0
Justin Jefferson,MIN,2020,Combine,73,195,33.00,9.13,4.43,,,37.5,126.0,
Van Jefferson,LAR,2020,Combine,73,200,32.75,9.13,,,,,,
Alshon Jeffery,FA,2012,Pro Day,75,218,,,4.48,4.17,6.71,36.5,122.0,
A.J. Jenkins,FA,2012,Combine,72,200,32.75,9.50,4.39,,,38.0,124.0,12.0
Jauan Jennings,SF,2020,Combine,75,212,31.63,9.00,4.72,,,29.0,119.0,
Greg Jennings,FA,2006,Combine,72,198,30.00,9.00,4.42,4.18,6.69,36.5,117.0,
Gary Jennings,FA,2019,Combine,73,214,32.50,9.63,4.42,4.15,7.32,37.0,127.0,20.0
Jerrel Jernigan,FA,2011,Combine,68,189,32.00,9.25,4.46,4.25,7.07,37.5,117.0,11.0
Jerry Jeudy,DEN,2020,Combine,73,193,32.13,9.50,4.45,,,35.0,120.0,
Johnny Johnson,FA,2022,Combine,73,199,30.50,9.75,4.60,4.54,7.21,32.0,121.0,
Stevie Johnson,FA,2008,Pro Day,74,207,,,4.46,,,,,
Andre Johnson,FA,,Pro Day,75,229,,,4.41,4.10,,41.0,129.0,
Calvin Johnson,FA,2007,Combine,77,237,33.38,9.75,4.35,,,,,
Charles Johnson,FA,,Combine,74,217,,,,,,,,
Tyler Johnson,FA,2020,Combine,73,206,30.88,9.00,,,,,,
Cade Johnson,FA,2021,Pro Day,70,184,29.25,9.50,4.51,,,35.0,114.0,11.0
Darius Johnson,FA,2013,Combine,70,175,30.25,9.13,4.60,4.53,,32.0,109.0,6.0
KeeSean Johnson,FA,2019,Combine,73,201,32.00,9.50,4.60,4.23,7.28,30.0,117.0,14.0
Bisi Johnson,MIN,2019,Combine,72,210,30.75,10.38,4.51,4.16,6.88,38.0,124.0,14.0
Diontae Johnson,PIT,2019,Combine,70,183,30.75,9.00,4.53,4.45,7.09,33.5,123.0,15.0
Anthony Johnson,FA,2019,Combine,74,220,31.38,9.38,,,7.12,32.5,122.0,18.0
Collin Johnson,NYG,2020,Combine,78,220,31.75,9.00,,,,,0.0,17.0
Tim Jones,JAX,2021,Pro Day,73,210,31.38,9.50,4.45,4.14,7.02,40.0,124.0,17.0
Julio Jones,TB,2011,Combine,75,220,33.75,9.75,4.34,4.25,6.66,38.5,135.0,17.0
Marvin Jones,JAX,2012,Combine,74,199,33.13,10.25,4.46,4.11,6.81,33.0,112.0,22.0
James Jones,FA,2007,Combine,73,208,,,4.54,4.20,7.06,34.0,119.0,22.0
Chandler Jones,FA,2012,Combine,69,185,35.50,9.75,4.77,4.38,7.07,35.0,120.0,22.0
Zay Jones,JAX,2017,Combine,74,200,32.50,9.00,4.45,4.01,6.79,36.5,133.0,15.0
Cayleb Jones,FA,2016,Combine,74,209,32.75,9.25,4.65,4.14,6.99,33.5,,9.0
Derrick Jones,FA,2017,Pro Day,72,195,,,4.46,,,41.0,,
Jacoby Jones,FA,2008,Combine,74,215,,,4.50,4.31,7.03,34.0,129.0,
Velus Jones,CHI,2022,Combine,72,200,30.88,9.75,4.31,,,33.0,121.0,
TJ Jones,FA,2014,Combine,72,190,30.63,10.00,4.48,4.27,6.82,33.0,119.0,
Kevin Jurovich,FA,2010,Combine,72,190,30.50,9.50,4.45,,,,,14.0
Brandon Kaufman,FA,2013,Combine,77,215,32.25,9.25,4.67,4.44,7.11,33.5,115.0,9.0
Jermaine Kearse,FA,2012,Pro Day,73,209,,,4.43,4.17,6.83,35.5,128.0,
Jeremy Kerley,FA,2012,Combine,69,188,30.00,9.00,4.56,,,34.5,120.0,16.0
Tavarres King,FA,2013,Combine,73,200,33.00,9.50,4.47,4.33,6.91,36.5,123.0,11.0
Christian Kirk,JAX,2018,Combine,71,200,30.38,9.88,4.47,4.45,7.09,35.5,115.0,20.0
Cooper Kupp,LAR,2017,Combine,74,208,31.50,9.50,4.62,4.08,6.75,31.0,116.0,
Chris Lacy,FA,2018,Combine,75,205,31.25,9.75,4.51,,,33.5,120.0,11.0
Brandon LaFell,FA,2010,Combine,75,210,32.75,8.75,4.58,4.23,6.81,36.0,115.0,
CeeDee Lamb,DAL,2020,Combine,74,200,32.25,9.25,4.50,,,34.5,124.0,11.0
Jarvis Landry,NO,2014,Pro Day,71,202,,,4.61,4.59,7.56,31.5,113.0,
Jerome Lane,FA,2017,Combine,75,220,31.50,9.75,4.60,4.12,6.87,35.0,125.0,16.0
Brendan Langley,FA,2017,Combine,72,199,32.00,9.50,4.43,4.21,7.06,35.5,123.0,22.0
Jordan Lasley,FA,2018,Combine,73,213,32.75,9.63,4.50,4.19,,34.5,112.0,8.0
Cody Latimer,FA,2014,Combine,74,215,32.63,9.63,,,,,,23.0
Kenny Lawler,FA,2016,Combine,74,203,33.38,10.50,4.64,4.20,7.13,31.0,111.0,
Allen Lazard,GB,2018,Combine,77,227,32.25,9.75,4.55,,,38.0,122.0,17.0
Marqise Lee,FA,2014,Combine,72,196,31.75,9.50,4.52,4.01,,38.0,127.0,
Roger Lewis,FA,2016,Combine,72,203,32.00,9.75,4.57,,,33.5,116.0,8.0
Dezmin Lewis,FA,2015,Combine,76,214,32.50,9.88,4.58,4.28,7.11,33.5,119.0,16.0
Kalija Lipscomb,FA,2020,Combine,72,205,32.88,9.38,4.57,,,32.0,127.0,16.0
Kolby Listenbee,FA,2016,Combine,72,183,31.38,8.25,4.39,,,35.5,129.0,15.0
Greg Little,FA,2011,Combine,74,220,33.25,9.13,4.60,4.21,6.80,40.5,129.0,27.0
Tyler Lockett,SEA,2015,Combine,70,182,30.00,8.38,4.40,4.07,6.89,35.5,121.0,
Ricardo Lockette,FA,2011,Combine,74,211,33.75,9.75,4.34,4.19,7.15,35.5,127.0,
DaMarkus Lodge,FA,2019,Combine,74,202,33.13,9.50,4.55,4.53,7.06,33.5,119.0,11.0
Drake London,ATL,2022,Combine,76,213,33.00,9.38,,,,,,
Deon Long,FA,2015,Combine,72,192,31.00,9.50,4.51,4.27,6.98,34.0,120.0,12.0
Scott Long,FA,2010,Combine,74,214,31.25,9.75,4.46,4.09,6.45,41.5,123.0,20.0
Ricardo Louis,FA,2016,Combine,74,215,32.38,9.50,4.43,,,38.0,132.0,18.0
Keevan Lucas,FA,2017,Combine,69,192,31.88,9.88,4.55,4.43,7.23,32.5,119.0,11.0
Devin Lucien,FA,2016,Pro Day,74,200,31.88,10.13,4.49,4.30,6.93,34.5,117.0,13.0
Austin Mack,FA,2020,Combine,74,215,33.63,10.00,4.59,,,31.5,117.0,
Jeremy Maclin,FA,2009,Pro Day,72,198,32.25,9.25,4.43,4.25,7.06,35.5,120.0,
Jeff Maehl,FA,2011,Combine,72,184,31.50,9.13,4.56,3.94,6.42,33.5,115.0,
Josh Malone,FA,2017,Combine,75,205,31.38,9.63,4.40,4.19,7.05,30.5,121.0,10.0
Mario Manningham,FA,,Combine,71,183,,,4.59,4.27,7.34,32.0,117.0,16.0
Gabe Marks,FA,2017,Combine,71,189,30.38,8.75,4.56,4.20,7.00,29.5,117.0,11.0
Jalin Marshall,FA,2016,Combine,70,200,31.50,9.68,4.60,4.13,6.80,37.5,125.0,16.0
Terrace Marshall,CAR,2021,Pro Day,74,200,32.75,9.50,4.40,,,39.0,125.0,19.0
Brandon Marshall,FA,2006,Combine,77,232,,,4.52,,,37.0,120.0,28.0
Keshawn Martin,FA,2012,Combine,71,195,31.38,9.25,4.45,4.13,6.85,39.0,122.0,13.0
Tavares Martin,FA,2018,Combine,73,185,32.13,9.13,4.80,,,31.5,,
Mitch Mathews,FA,2016,Pro Day,77,222,,,4.49,4.25,6.99,36.0,129.0,12.0
Devonte Mathis,FA,2017,Pro Day,73,220,,,4.57,,7.03,26.5,108.0,11.0
Chris Matthews,FA,2011,Pro Day,77,228,,,4.57,4.29,6.90,33.5,118.0,
Rishard Matthews,FA,2012,Combine,72,217,32.50,9.13,4.62,4.19,6.88,36.0,,20.0
Marquis Maze,FA,2012,Combine,68,186,29.75,9.00,4.51,,,33.0,112.0,
Tre McBride,FA,2015,Combine,72,210,32.13,9.00,4.41,4.08,6.96,38.0,122.0,16.0
Max McCaffrey,FA,2016,Pro Day,74,200,,,4.46,4.15,7.09,36.5,122.0,9.0
Onterio McCalebb,FA,2013,Combine,70,170,31.00,9.00,4.34,,,34.0,121.0,
Ray-Ray McCloud,SF,2018,Combine,69,190,30.25,9.25,4.53,,,34.5,113.0,13.0
Mekale McKay,FA,2016,Combine,77,210,30.67,9.50,4.55,4.63,7.08,35.0,123.0,12.0
Isaiah McKenzie,BUF,2017,Combine,68,173,28.88,8.88,4.42,4.15,6.64,36.0,123.0,11.0
Javon McKinley,FA,2021,Pro Day,74,215,33.00,9.75,4.60,4.40,7.05,32.5,,20.0
Isaiah McKoy,FA,2021,Pro Day,75,182,31.38,9.13,4.66,4.36,7.09,29.5,114.0,12.0
Terry McLaurin,WAS,2019,Combine,72,210,31.50,9.13,4.35,4.15,7.01,37.5,125.0,18.0
Racey McMath,TEN,2021,Combine,75,217,32.00,8.88,4.39,4.40,7.37,34.0,125.0,
Marvin McNutt,FA,2012,Combine,74,215,32.00,10.00,4.54,4.07,7.15,37.0,122.0,
Robert Meachem,FA,2007,Combine,74,215,,,4.39,4.31,6.97,37.5,121.0,
Aaron Mellette,FA,2013,Combine,74,217,33.13,9.63,4.54,4.41,7.11,33.5,123.0,9.0
Bo Melton,FA,2022,Combine,71,191,31.25,9.00,4.34,,6.98,38.0,121.0,
DK Metcalf,SEA,2019,Combine,76,235,34.88,9.88,4.33,4.50,7.38,40.5,134.0,27.0
Jakobi Meyers,NE,2019,Combine,74,200,32.00,9.50,4.63,4.23,7.07,37.0,118.0,13.0
Jaydon Mickens,FA,2016,Pro Day,71,170,,,4.52,3.93,6.62,35.5,121.0,13.0
Anthony Miller,PIT,2018,Combine,71,199,31.67,10.68,,,,,,22.0
Braxton Miller,FA,2016,Combine,73,205,31.75,9.13,4.50,4.07,6.65,35.0,123.0,17.0
Dax Milne,WAS,2021,Pro Day,72,190,29.63,9.63,4.56,4.22,6.85,31.0,114.0,14.0
Denzel Mims,NYJ,2020,Combine,75,207,33.88,9.38,4.38,4.43,6.66,38.5,131.0,16.0
Malcolm Mitchell,FA,2016,Combine,73,200,32.67,10.50,4.45,4.34,6.94,36.0,129.0,15.0
Steven Mitchell,FA,2018,Combine,70,186,30.38,9.38,4.56,4.40,6.75,32.5,121.0,13.0
Osirus Mitchell,FA,2021,Pro Day,77,206,34.38,10.88,4.58,4.34,7.12,35.200001,128.0,12.0
Dillon Mitchell,FA,2019,Combine,73,197,31.50,9.00,4.46,4.20,,36.5,122.0,12.0
T.J. Moe,FA,2013,Combine,71,204,30.13,9.88,4.74,3.96,6.53,36.0,120.0,26.0
Donte Moncrief,FA,2014,Combine,74,215,32.38,9.13,4.40,4.30,7.02,39.5,132.0,13.0
Darnell Mooney,CHI,2020,Combine,71,173,30.88,9.63,4.38,,,37.0,124.0,9.0
Chris Moore,HOU,2016,Combine,73,200,33.38,9.38,4.53,4.20,6.76,37.0,130.0,10.0
Denarius Moore,FA,2011,Combine,72,190,33.00,9.50,4.43,4.15,6.78,36.0,118.0,13.0
DJ Moore,CAR,2018,Combine,72,210,31.63,9.63,4.42,4.07,6.95,39.5,132.0,15.0
Skyy Moore,KC,2022,Combine,70,195,31.00,10.25,4.41,4.32,7.13,34.5,125.0,
Rondale Moore,ARI,2021,Pro Day,67,180,28.25,8.75,4.31,4.10,6.68,42.5,126.0,0.0
Lance Moore,FA,2005,Pro Day,69,190,,,4.52,4.32,7.12,40.0,117.0,
J'Mon Moore,FA,2018,Combine,75,205,32.88,9.38,4.60,4.04,6.56,38.0,120.0,21.0
Elijah Moore,NYJ,2021,Pro Day,70,178,30.13,9.38,4.35,4.00,6.66,36.0,120.0,17.0
Stanley Morgan,CIN,2019,Combine,72,205,32.38,9.88,4.53,4.13,6.78,38.5,125.0,14.0
Josh Morgan,FA,2008,Pro Day,73,220,,,4.46,4.29,7.06,40.5,120.0,14.0
Drew Morgan,FA,2017,Combine,72,187,30.38,9.50,4.74,4.12,6.82,30.0,112.0,10.0
Joseph Morgan,FA,2011,Combine,73,184,,,4.48,4.25,6.91,35.5,123.0,10.0
Derek Moye,FA,2012,Combine,77,210,32.75,8.25,4.52,4.23,,33.0,115.0,10.0
Keith Mumphery,FA,2015,Combine,72,210,31.13,9.13,4.54,4.25,7.07,32.5,121.0,
Louis Murphy,FA,2009,Combine,74,200,33.63,10.00,4.32,,,34.5,117.0,12.0
Nyqwan Murray,FA,2019,Combine,70,191,31.13,9.38,4.63,4.40,7.20,34.0,113.0,8.0
Jalen Nailor,MIN,2022,Combine,72,190,30.25,9.13,4.50,4.28,7.03,38.0,128.0,
Anthony Nash,FA,2017,Pro Day,76,211,,,4.38,,7.22,37.5,120.0,
Jordy Nelson,FA,2008,Combine,75,217,32.50,10.00,4.51,4.35,7.03,31.0,123.0,
J.J. Nelson,FA,2015,Combine,70,160,31.13,8.25,4.28,4.15,7.02,36.0,127.0,
Dazz Newsome,FA,2021,Pro Day,70,184,29.88,9.00,4.57,4.39,7.39,34.0,121.0,12.0
Jamar Newsome,FA,,Combine,73,201,32.88,9.00,4.51,4.22,6.83,38.5,129.0,13.0
Hakeem Nicks,FA,2009,Combine,73,208,33.50,10.50,4.51,4.43,6.96,36.0,,
Tre Nixon,FA,2021,Pro Day,74,180,31.75,9.13,4.44,4.25,6.81,35.5,125.0,18.0
Speedy Noil,FA,2017,Pro Day,71,192,30.00,9.25,4.45,,,,,
Nicholas Norris,FA,2017,Combine,69,175,,,4.49,4.14,7.03,37.0,125.0,
Marquez North,FA,2016,Combine,75,229,33.38,10.25,4.48,4.13,6.90,35.0,123.0,17.0
Jordan Norwood,FA,2009,Combine,71,180,,,4.58,4.20,6.80,38.0,119.0,
Kevin Norwood,FA,2014,Combine,74,210,32.13,10.00,4.48,4.32,6.68,33.0,121.0,8.0
Antonio Nunn,FA,2021,Pro Day,71,204,31.00,8.88,4.49,4.32,7.12,33.5,120.0,15.0
Ben Obomanu,FA,2006,Combine,73,205,33.00,9.00,4.45,4.23,7.18,38.0,116.0,
Kevin Ogletree,FA,2009,Combine,73,195,31.00,9.00,4.36,4.08,6.67,36.0,122.0,
Chris Olave,NO,2022,Combine,73,189,31.13,9.50,4.39,,,32.0,124.0,
Greg Orton,FA,2009,Combine,75,207,,,4.61,4.33,6.90,38.0,125.0,22.0
K.J. Osborn,MIN,2020,Combine,71,203,31.25,9.13,4.48,4.35,7.00,37.5,123.0,18.0
Chris Owusu,FA,2012,Combine,74,200,31.75,8.50,4.36,4.11,6.85,40.0,129.0,19.0
Eric Page,FA,2012,Combine,70,180,29.00,9.00,4.60,3.98,6.95,30.0,112.0,15.0
Joshua Palmer,LAC,2021,Pro Day,73,210,32.88,9.63,4.51,4.25,6.98,34.0,124.0,0.0
Aaron Parker,FA,2020,Combine,74,209,31.13,9.13,4.57,4.23,6.94,26.5,112.0,12.0
Preston Parker,FA,2010,Combine,72,200,30.38,9.25,4.59,4.16,,35.0,117.0,16.0
DeVante Parker,NE,2015,Combine,75,219,33.25,9.25,4.45,,,36.5,125.0,17.0
Zach Pascal,PHI,2017,Combine,74,214,32.00,10.00,4.55,4.29,7.11,36.0,126.0,14.0
Dezmon Patmon,FA,2020,Combine,76,225,32.75,10.25,4.48,4.38,7.28,36.0,132.0,15.0
Tim Patrick,DEN,2017,Pro Day,76,212,,,4.45,,,,,
Quinton Patton,FA,2013,Combine,72,204,32.88,9.38,4.53,4.01,6.91,33.0,118.0,8.0
Jordan Payton,FA,2016,Combine,73,209,32.50,10.13,4.47,4.33,7.08,34.5,121.0,
Charone Peake,FA,2016,Combine,74,209,34.00,9.25,4.45,4.46,6.96,35.5,122.0,12.0
Donovan Peoples-Jones,CLE,2020,Combine,74,204,33.50,10.13,4.48,,,44.5,139.0,
Breshad Perriman,TB,2015,Pro Day,74,215,,,4.24,,,36.5,127.0,18.0
Malcolm Perry,FA,2020,Combine,70,175,29.63,8.50,4.63,4.31,7.12,36.0,122.0,10.0
Austin Pettis,FA,2011,Combine,75,203,31.75,9.75,4.56,3.88,6.68,33.5,120.0,14.0
Dante Pettis,CHI,,Pro Day,73,195,,,4.40,,,,,
Kyle Philips,TEN,2022,Combine,71,189,29.63,8.63,4.58,,,33.5,124.0,
Cam Phillips,FA,,Combine,72,201,,,4.79,4.45,7.19,,,12.0
Whop Philyor,FA,2021,Pro Day,70,184,30.63,9.25,4.57,4.38,7.20,31.0,120.0,14.0
George Pickens,PIT,2022,Combine,75,200,32.38,8.75,4.47,,,33.0,125.0,
Alec Pierce,IND,2022,Combine,75,211,33.00,9.00,4.41,4.28,7.13,40.5,129.0,
Kealoha Pilares,FA,2011,Combine,70,205,30.50,8.75,,,,,,19.0
Michael Pittman,IND,2020,Combine,76,223,32.50,9.25,4.52,4.14,6.96,36.5,121.0,13.0
Makai Polk,FA,2022,Combine,75,197,32.25,9.50,4.59,4.36,,31.0,119.0,
DeVier Posey,FA,2012,Combine,73,210,31.63,9.63,4.50,4.15,7.03,36.0,123.0,14.0
Darius Powe,FA,2016,Pro Day,75,220,,,4.49,4.29,6.94,34.5,120.0,17.0
Cornell Powell,FA,2021,Pro Day,72,204,32.75,9.88,4.52,4.21,7.03,36.5,128.0,16.0
DeAndre Presley,FA,,Combine,70,190,,,4.53,4.28,7.19,32.0,114.0,8.0
Taylor Price,FA,2010,Combine,73,195,31.25,9.50,4.40,4.34,6.82,37.0,114.0,16.0
Byron Pringle,FA,2018,Combine,74,205,32.00,9.25,4.46,4.40,6.87,33.5,120.0,15.0
James Proche,BAL,2020,Combine,71,201,29.75,9.63,,4.40,7.27,34.5,,20.0
Blake Proehl,FA,2021,Pro Day,73,190,31.50,9.00,4.46,4.20,7.00,36.0,126.0,12.0
James Quick,FA,2017,Combine,72,177,30.75,9.00,4.60,4.39,7.00,31.0,115.0,11.0
Brian Quick,FA,2012,Combine,75,215,34.25,9.75,4.55,4.23,7.10,34.0,119.0,15.0
Trey Quinn,FA,2018,Combine,72,200,30.75,10.13,4.55,4.19,6.91,33.5,116.0,17.0
Charleston Rambo,FA,2022,Combine,73,185,32.00,9.75,4.57,,,33.5,118.0,
Rueben Randle,FA,2012,Combine,74,203,33.00,9.50,4.55,4.36,6.99,31.0,121.0,15.0
Jalen Reagor,MIN,2020,Combine,71,197,31.38,9.50,4.47,4.46,7.31,42.0,138.0,17.0
Michael Rector,FA,2017,Combine,73,190,32.50,9.25,4.42,4.19,6.77,36.5,129.0,
David Reed,FA,2010,Combine,72,190,31.75,9.38,4.56,4.38,6.95,37.0,114.0,15.0
Joe Reed,FA,2020,Combine,72,224,31.13,9.75,,,,38.0,0.0,21.0
Tevin Reese,FA,2014,Combine,70,170,31.63,8.63,4.46,4.18,6.63,41.0,132.0,
Hunter Renfrow,LV,2019,Combine,70,185,29.13,7.88,4.59,4.19,6.80,35.0,116.0,7.0
Josh Reynolds,DET,2017,Pro Day,75,192,31.50,9.38,4.54,,,36.0,,
Sidney Rice,FA,2007,Combine,76,202,,,4.51,4.34,7.09,39.5,119.0,
Paul Richardson,FA,2014,Pro Day,72,180,,,,4.23,6.98,37.5,,
Calvin Ridley,JAX,2018,Combine,73,190,31.63,9.13,4.43,4.41,6.88,31.0,110.0,15.0
Riley Ridley,FA,2019,Combine,73,200,32.63,10.25,4.58,4.28,7.22,30.5,124.0,13.0
Reggie Roberson,FA,2022,Combine,71,192,,,,,,29.0,114.0,
Andre Roberts,CAR,2010,Combine,71,195,31.50,9.50,4.40,4.15,6.77,36.0,120.0,15.0
Korey Robertson,FA,2018,Combine,74,210,32.88,9.13,4.56,,,34.0,123.0,13.0
Jalen Robinette,FA,2017,Combine,75,220,32.38,10.88,4.62,4.46,6.77,31.5,120.0,13.0
Wan'Dale Robinson,NYG,2022,Combine,68,185,27.63,9.00,4.44,,,34.5,118.0,
Demarcus Robinson,BAL,2016,Combine,73,202,33.00,9.50,4.59,4.19,6.77,34.5,123.0,
Allen Robinson,LAR,2014,Combine,74,210,32.00,9.50,4.60,4.00,7.00,39.0,127.0,
Aldrick Robinson,FA,2011,Combine,70,185,29.50,8.75,4.35,4.09,6.65,40.0,126.0,17.0
Jamal Robinson,FA,2016,Pro Day,76,205,,,4.50,4.39,6.91,36.5,118.0,24.0
Brian Robiskie,FA,2009,Combine,76,212,31.50,9.63,4.46,4.19,6.72,,,
Courtney Roby,FA,2005,Combine,72,189,,,4.41,4.00,,36.5,126.0,
Amari Rodgers,HOU,2021,Pro Day,69,212,30.38,9.50,4.51,4.31,7.07,33.0,121.0,19.0
Kendrick Rogers,FA,2020,Combine,76,208,33.13,9.13,4.51,4.48,7.13,35.5,124.0,17.0
Darreus Rogers,FA,2017,Combine,73,218,32.00,10.13,,4.54,7.22,26.5,112.0,8.0
Da'Rick Rogers,FA,2013,Combine,75,215,32.75,9.50,4.52,4.06,6.71,39.5,132.0,10.0
Fred Ross,FA,2017,Combine,74,210,31.25,9.25,4.51,4.28,6.99,35.0,113.0,10.0
John Ross,FA,2017,Combine,71,190,31.50,8.75,4.22,,,37.0,133.0,
Eddie Royal,FA,2008,Combine,70,190,,,4.39,4.34,7.07,36.0,124.0,24.0
Travis Rudolph,FA,2017,Combine,72,190,,,4.65,4.56,6.93,31.5,113.0,12.0
Ezell Ruffin,FA,2015,Combine,72,218,31.38,8.75,4.68,4.58,7.35,27.5,110.0,17.0
Henry Ruggs,FA,2020,Combine,72,190,30.50,10.13,4.27,,,42.0,131.0,
Alonzo Russell,FA,2016,Combine,75,206,33.88,9.50,4.54,4.33,7.18,29.5,112.0,12.0
Greg Salas,FA,2011,Combine,74,210,32.00,9.25,4.53,4.10,6.65,37.0,120.0,15.0
Lanear Sampson,FA,2013,Combine,71,205,30.75,9.25,4.46,4.38,7.10,33.5,119.0,20.0
Deebo Samuel,SF,2019,Combine,72,215,31.38,10.00,4.48,4.14,7.03,39.0,122.0,15.0
Curtis Samuel,WAS,2017,Combine,71,195,31.50,8.75,4.31,,,37.0,133.0,
Braylon Sanders,FA,2022,Combine,73,194,31.50,10.00,4.48,,,34.5,121.0,
Emmanuel Sanders,FA,2010,Combine,71,180,32.00,9.25,4.40,4.10,6.64,39.5,126.0,12.0
Ace Sanders,FA,2013,Combine,67,178,29.50,8.88,4.58,4.37,6.81,32.0,117.0,7.0
Jock Sanders,FA,2011,Combine,67,179,28.25,8.88,4.50,4.13,6.78,34.5,121.0,19.0
Mohamed Sanu,FA,2012,Combine,74,210,33.50,10.13,4.67,4.22,6.88,36.0,126.0,19.0
Dane Sanzenbacher,FA,2011,Combine,71,184,30.50,8.25,4.56,3.97,6.46,33.5,118.0,
Bud Sasser,FA,,Pro Day,74,210,,,4.53,4.31,6.86,34.5,120.5,18.0
Jalen Saunders,FA,2014,Combine,69,170,30.00,8.88,4.44,,,34.0,122.0,
Anthony Schwartz,CLE,2021,Pro Day,72,186,31.50,9.38,4.25,4.25,7.13,32.0,123.0,0.0
Rashawn Scott,FA,2016,Combine,74,199,31.38,9.38,,,,32.5,116.0,17.0
Artavis Scott,FA,2017,Combine,71,195,31.00,9.38,4.61,4.49,7.19,31.0,116.0,13.0
Jaleel Scott,FA,2018,Combine,77,210,33.50,10.50,4.56,4.40,7.20,34.5,124.0,16.0
Jhajuan Seales,FA,2017,Pro Day,73,205,,,4.37,,,41.5,120.0,20.0
Khalil Shakir,BUF,2022,Combine,72,190,29.00,9.50,4.43,4.21,7.28,34.5,124.0,
Hunter Sharp,FA,2016,Combine,72,199,31.67,9.38,4.58,4.19,7.12,32.5,116.0,12.0
Tajae Sharpe,FA,2016,Combine,74,194,32.25,8.38,4.55,,,33.5,114.0,11.0
Laviska Shenault,CAR,2020,Combine,73,227,31.88,9.00,4.58,,,,0.0,17.0
Sterling Shepard,NYG,2016,Combine,70,196,30.38,9.75,4.48,4.35,7.00,41.0,123.0,20.0
Daikiel Shorts,FA,2017,Pro Day,73,202,,,4.57,,7.13,33.5,104.0,16.0
Cecil Shorts,FA,2011,Combine,72,202,31.68,9.25,4.50,4.07,6.50,34.5,114.0,21.0
David Sills,NYG,2019,Combine,75,211,32.00,9.00,4.57,4.28,6.97,37.5,117.0,14.0
Rashaun Simonise,FA,,Combine,77,215,,,,,,,,
Jerome Simpson,FA,,Combine,74,190,,,4.42,4.52,7.08,37.5,136.0,
Ben Skowronek,LAR,2021,Pro Day,75,224,33.25,10.13,,,,,,13.0
Darius Slayton,NYG,2019,Combine,73,190,32.75,10.00,4.39,4.15,7.00,40.5,135.0,11.0
DeAndre Smelter,FA,2015,Combine,74,227,32.63,11.00,,,,,,
Corey Smith,FA,2017,Pro Day,72,188,,,4.68,,,,,
DeVonta Smith,PHI,2021,Pro Day,72,170,31.13,9.25,,,,,,
Shi Smith,CAR,2021,Pro Day,70,190,31.88,9.50,4.46,4.22,6.79,36.0,123.0,0.0
Kevin Smith,FA,2008,Combine,72,218,,,4.53,4.49,,32.0,120.0,
Steve Smith,FA,2007,Combine,69,195,,,4.44,4.19,6.68,38.0,120.0,
Devin Smith,FA,2015,Combine,73,199,31.00,9.00,4.42,4.15,,39.0,122.0,10.0
Tevaun Smith,FA,2016,Pro Day,74,197,,,4.41,4.27,6.68,38.0,122.0,13.0
Tre'Quan Smith,NO,2018,Combine,74,210,33.38,9.50,4.49,4.50,6.97,37.5,130.0,12.0
Jaylen Smith,FA,2019,Combine,74,219,33.88,9.50,4.47,4.48,7.55,34.5,122.0,14.0
Brandon Smith,FA,2021,Pro Day,74,220,34.25,9.38,4.62,,,39.0,130.0,21.0
Torrey Smith,FA,2011,Combine,72,205,32.50,8.50,4.41,4.13,6.72,41.0,126.0,19.0
Ihmir Smith-Marsette,FA,2021,Pro Day,73,185,30.75,9.75,4.47,4.23,7.06,37.0,124.0,10.0
JuJu Smith-Schuster,KC,2017,Combine,73,215,32.88,10.50,4.54,,,32.5,120.0,15.0
Willie Snead,FA,2014,Combine,71,205,33.00,10.25,4.62,4.39,7.19,33.5,113.0,11.0
Ryan Spadola,FA,2013,Combine,73,204,30.75,9.75,4.48,4.07,6.72,33.5,119.0,15.0
Owen Spencer,FA,2011,Combine,74,195,33.63,9.50,4.51,4.18,6.86,37.5,125.0,6.0
Nelson Spruce,FA,2016,Combine,73,210,30.00,10.00,4.69,4.20,7.09,35.0,114.0,12.0
Equanimeous St. Brown,CHI,2018,Combine,77,214,33.00,9.75,4.48,,,,,20.0
Amon-Ra St. Brown,DET,2021,Pro Day,72,197,30.38,9.13,4.59,4.26,6.90,38.5,127.0,20.0
Jamari Staples,FA,,Combine,75,195,,,,,,,,
Tony Stevens,FA,2017,Pro Day,76,198,,,4.49,,,34.5,108.0,12.0
Marquez Stevenson,BUF,2021,Pro Day,70,180,31.00,8.50,,,,,,
ArDarius Stewart,FA,2017,Pro Day,72,205,32.50,9.38,,,,,,10.0
Josh Stewart,FA,2014,Combine,70,185,30.00,9.38,4.69,4.33,7.10,35.0,117.0,11.0
Darrell Stewart,FA,2020,Combine,72,212,32.00,9.63,,,,35.0,117.0,15.0
Kenny Stills,FA,2013,Pro Day,73,202,,,,4.13,7.13,,,
Mike Strachan,IND,2021,Pro Day,77,224,34.25,10.00,4.50,4.36,6.96,35.0,127.0,20.0
Rod Streater,FA,2012,Pro Day,75,200,,,4.46,4.07,7.06,37.5,133.0,18.0
Devin Street,FA,2014,Combine,75,200,33.38,9.25,4.55,4.01,6.89,37.0,124.0,
Tommy Streeter,FA,,Combine,77,215,34.75,9.50,4.40,,7.08,33.0,125.0,17.0
Damore'ea Stringefellow,FA,2017,Pro Day,74,225,,,4.66,,,,120.0,17.0
Jaelen Strong,FA,2015,Pro Day,74,220,,,,4.21,7.34,,,
Courtland Sutton,DEN,2018,Combine,76,216,32.38,9.75,4.54,4.11,6.57,35.5,124.0,18.0
Freddie Swain,FA,2020,Combine,72,199,30.63,9.00,4.46,4.26,7.05,36.5,124.0,16.0
Ryan Switzer,FA,2017,Combine,69,183,28.00,9.25,4.51,4.00,6.77,32.0,116.0,11.0
Brandon Tate,FA,2009,Combine,73,195,,,4.52,,,,,
Auden Tate,FA,2018,Combine,77,228,33.75,9.38,4.68,,,31.0,112.0,
Golden Tate,FA,2010,Combine,71,191,30.50,9.25,4.42,4.34,7.12,35.0,120.0,17.0
Trent Taylor,CIN,2017,Combine,68,181,28.75,8.25,4.63,4.01,6.74,33.0,117.0,13.0
Taywan Taylor,FA,2017,Combine,71,205,32.63,9.25,4.50,4.21,6.57,33.5,132.0,13.0
Tamorrion Terry,FA,2021,Pro Day,74,207,33.38,9.50,4.44,4.47,7.11,32.5,126.0,15.0
Marcus Thigpen,FA,2009,Pro Day,69,200,,,4.46,4.16,7.20,35.0,126.0,21.0
Johnny T. Thomas,FA,,Combine,70,173,32.50,9.75,4.63,4.25,7.01,35.5,123.0,20.0
Mike Thomas,CIN,2016,Pro Day,73,197,,,4.54,4.26,7.06,36.0,126.0,16.0
Noel Thomas,FA,2017,Pro Day,73,200,30.00,8.75,4.49,,,33.0,118.0,
De'Anthony Thomas,FA,2014,Combine,68,176,29.88,8.13,4.50,,,32.0,124.0,8.0
Jeff Thomas,FA,2020,Combine,69,170,30.38,8.38,4.45,,,36.5,,
Demaryius Thomas,FA,2010,Combine,75,225,33.00,10.50,,,,,,
Mike Thomas,FA,2009,Combine,68,198,31.00,9.38,4.30,4.28,6.65,40.5,126.0,
Kenbrell Thompkins,FA,2013,Combine,72,195,32.50,8.75,4.54,4.21,6.88,33.5,121.0,8.0
Cody Thompson,SEA,2019,Combine,74,205,31.00,9.38,4.57,4.03,6.87,38.5,119.0,19.0
Chris Thompson,FA,2013,Combine,72,175,,,4.42,,,,,21.0
Tyquan Thornton,NE,2022,Combine,74,182,33.25,8.25,4.28,,,36.5,130.0,
Jalen Tolbert,DAL,2022,Combine,73,195,32.25,10.00,4.49,,7.08,36.0,123.0,
Terrence Toliver,FA,2011,Combine,77,204,32.00,10.00,4.52,4.03,6.48,32.0,122.0,
Kadarius Toney,KC,2021,Pro Day,72,193,31.25,9.25,4.37,4.23,6.88,39.5,136.0,9.0
Nick Toon,FA,2012,Combine,76,218,32.50,9.00,4.54,,,37.0,132.0,18.0
Laquon Treadwell,FA,2016,Pro Day,74,215,,,4.64,4.30,7.04,33.5,,
Bryce Treggs,FA,2016,Pro Day,72,185,,,4.39,4.19,7.00,34.0,122.0,16.0
Tre Turner,FA,2022,Combine,73,184,30.75,8.50,4.51,4.53,7.45,27.0,113.0,
Tiquan Underwood,FA,2009,Combine,73,185,32.25,8.50,4.31,4.11,6.62,41.5,129.0,7.0
Marquez Valdes-Scantling,KC,2018,Combine,76,206,32.25,10.25,4.37,,,30.5,124.0,15.0
T.J. Vasher,FA,2021,Pro Day,77,210,35.38,10.25,,,,,,
Tyler Vaughns,FA,2021,Pro Day,74,184,32.88,9.50,4.64,4.40,7.15,31.5,120.0,7.0
Conner Vernon,FA,2013,Combine,72,200,30.50,9.25,4.68,4.22,6.93,32.5,125.0,
Binjimen Victor,FA,2020,Combine,76,199,34.13,9.63,4.60,,7.10,35.0,128.0,9.0
Jaylen Waddle,MIA,2021,Pro Day,70,182,30.38,9.13,,,,,,
Kenny Walker,FA,2017,Pro Day,69,188,,,4.33,,,,,19.0
Tylan Wallace,BAL,2021,Pro Day,71,193,30.38,9.38,4.49,4.25,6.97,33.0,112.0,11.0
Mike Wallace,FA,2009,Combine,72,200,31.38,9.00,4.28,4.27,6.90,40.0,129.0,14.0
Greg Ward,FA,2017,Pro Day,71,190,,,4.58,,6.96,34.5,97.0,
L'Damian Washington,FA,2014,Combine,76,200,33.38,9.00,4.46,4.35,7.19,32.0,115.0,8.0
James Washington,DAL,2018,Combine,71,213,32.38,9.75,4.54,4.32,7.11,34.5,120.0,14.0
Tony Washington,FA,,Combine,71,195,,,4.99,4.31,7.21,32.5,110.0,17.0
Sammy Watkins,GB,2015,Combine,73,211,32.00,9.63,4.43,4.34,6.95,34.0,126.0,16.0
Austin Watkins,FA,2021,Pro Day,75,210,31.00,9.50,,,,,,
Quez Watkins,PHI,2020,Combine,72,193,32.88,9.00,4.35,4.36,7.28,36.5,125.0,
Christian Watson,GB,2022,Combine,77,208,32.50,10.13,4.36,,,38.5,136.0,
Jamarius Way,FA,2019,Combine,75,215,33.00,10.25,4.63,4.66,,32.5,119.0,16.0
Reggie Wayne,FA,,Combine,72,203,,,4.45,,,36.0,,
Jester Weah,FA,2018,Combine,75,209,31.13,9.68,4.43,4.41,7.24,38.0,129.0,15.0
Connor Wedington,FA,2021,Pro Day,72,197,31.88,9.75,4.44,4.07,6.66,38.5,117.0,13.0
Wes Welker,FA,2004,Pro Day,69,185,,,4.65,4.01,7.09,30.0,113.0,
Alex Wesley,FA,2019,Combine,71,190,31.25,9.00,4.45,4.44,7.40,38.5,125.0,13.0
Antoine Wesley,ARI,2019,Combine,76,206,34.00,9.75,,4.26,7.07,37.0,117.0,6.0
Joe West,FA,2008,Combine,73,208,,,4.57,4.33,6.96,32.0,113.0,20.0
Dede Westbrook,FA,2017,Pro Day,72,178,30.63,9.00,4.37,,,34.5,120.0,
Isaiah Weston,CLE,2022,Combine,76,214,32.50,9.50,4.42,,,40.0,135.0,20.0
Ryan Whalen,FA,2011,Combine,73,200,30.00,9.00,4.53,4.09,6.67,38.5,123.0,18.0
Markus Wheaton,FA,2013,Combine,71,185,32.75,9.13,4.45,4.02,6.80,37.0,120.0,20.0
Roddy White,FA,2005,Pro Day,72,211,,,4.46,4.01,7.12,41.0,126.0,18.0
Ka'Raun White,FA,2018,Combine,73,206,32.25,9.68,4.52,4.57,7.16,33.5,118.0,24.0
Cody White,FA,2020,Combine,75,215,32.50,10.00,4.66,4.52,7.19,35.5,120.0,
DeAndrew White,FA,2015,Combine,72,195,31.00,9.13,4.44,4.18,6.97,34.5,118.0,
Kermit Whitfield,FA,2017,Combine,68,192,30.00,8.50,4.44,4.37,7.17,32.5,120.0,8.0
Isaac Whitney,FA,2017,Pro Day,74,204,,,4.75,,,,,
Jake Wieneke,FA,2018,Combine,76,221,33.00,9.88,4.67,4.37,7.24,34.0,114.0,9.0
Mike Williams,FA,2010,Pro Day,74,212,,,4.53,4.19,,39.5,120.0,
Mike Williams,FA,2010,Combine,77,229,,,4.53,4.31,6.90,33.5,116.0,8.0
Dom Williams,FA,2016,Pro Day,74,200,,,4.40,4.28,7.04,40.5,125.0,11.0
Seth Williams,FA,2021,Pro Day,75,211,33.50,9.88,4.49,4.43,7.20,37.0,124.0,12.0
Kyle Williams,FA,2010,Combine,70,186,30.00,9.13,4.40,4.19,7.00,33.0,118.0,11.0
Terrance Williams,FA,2013,Combine,74,210,31.25,8.75,4.52,4.32,7.01,32.5,119.0,11.0
Stephen Williams,FA,2010,Combine,77,208,33.25,9.13,4.50,4.11,6.81,36.5,125.0,15.0
Duke Williams,FA,2016,Combine,75,225,32.50,9.25,4.72,4.47,7.43,30.0,121.0,14.0
Marlon Williams,FA,2021,Pro Day,71,209,31.00,8.88,4.66,4.57,,33.5,119.0,14.0
Devon Williams,FA,2022,Combine,77,211,34.13,9.88,4.65,,,33.0,133.0,
Ed Williams,FA,2009,Combine,72,196,,,4.79,,,,,23.0
Jordan Williams,FA,2016,Pro Day,75,228,,,4.64,4.45,7.03,33.5,116.0,21.0
Damian Williams,FA,2010,Combine,73,200,31.75,9.25,4.52,4.24,6.79,38.0,118.0,19.0
Mike Williams,LAC,2017,Combine,76,218,33.38,9.38,,,,32.5,121.0,15.0
Garrett Wilson,NYJ,2022,Combine,72,192,32.00,9.88,4.38,4.36,,36.0,123.0,0.0
Dontre Wilson,FA,2017,Pro Day,70,187,,,4.59,,,,,
De'Runnya Wilson,FA,2016,Combine,76,224,33.88,9.25,4.85,,,28.0,113.0,
Marquess Wilson,FA,2013,Combine,76,206,31.13,9.25,4.51,4.33,6.65,34.5,122.0,7.0
Cedrick Wilson,MIA,2018,Combine,74,200,31.50,9.75,4.55,4.23,6.89,37.0,121.0,9.0
Bobo Wilson,FA,2017,Combine,69,186,31.38,9.38,4.57,,,,119.0,10.0
Albert Wilson,FA,2014,Combine,69,195,30.38,9.13,4.43,4.21,7.00,37.5,123.0,10.0
Javon Wims,FA,2018,Combine,76,215,31.50,9.25,4.53,,7.00,33.5,113.0,
Michael Woods,CLE,2022,Combine,73,204,33.00,9.63,4.55,,,34.5,125.0,
Robert Woods,TEN,2013,Combine,72,195,31.00,9.25,4.51,4.47,7.15,33.5,117.0,14.0
Cam Worthy,FA,2015,Combine,74,211,33.50,10.13,,,,,,12.0
Jarius Wright,FA,2012,Combine,70,190,31.50,8.50,4.42,4.03,6.93,38.0,120.0,11.0
Kendall Wright,FA,2012,Combine,70,185,30.38,8.63,4.61,4.18,6.93,38.5,121.0,
Devon Wylie,FA,2012,Combine,69,187,30.25,9.50,4.39,,,39.0,123.0,17.0
Titus Young,FA,2011,Combine,71,174,30.88,9.00,4.43,,,,123.0,
